<?xml version="1.0" encoding="UTF-8" ?>
<!DOCTYPE mapper PUBLIC "-//mybatis.org//DTD Mapper 3.0//EN" "http://mybatis.org/dtd/mybatis-3-mapper.dtd">
<mapper namespace="com.example.exp.mapper.CommentMapper">

    <insert id="addComment" parameterType="com.example.exp.domain.Comment" useGeneratedKeys="true" keyProperty="id">
        INSERT INTO comment (
            comment_content,
            comment_time,
            res_id,
            com_id,
            maincom_id,
            post_id
        ) VALUES (
            #{comment_content},
            now(),
            #{res_id},
            #{com_id},
            #{maincom_id},
            #{post_id}
        )
    </insert>

    <select id="findCommentsByPostId" resultType="com.example.exp.domain.Comment">
        SELECT
            c.id,
            c.comment_content,
            c.comment_time,
            c.res_id,
            u.nickname,
            c.com_id,
            c.maincom_id,
            c.post_id
        FROM comment c
        LEFT JOIN user u ON c.res_id = u.id
        WHERE c.post_id = #{postId}
        ORDER BY c.comment_time ASC
    </select>

    <delete id="deleteCommentById" parameterType="int">
        DELETE FROM comment WHERE id = #{commentId}
    </delete>

    <select id="findCommentById" resultType="com.example.exp.domain.Comment">
        SELECT
            c.id,
            c.comment_content,
            c.comment_time,
            c.res_id,
            u.nickname,
            c.com_id,
            c.maincom_id,
            c.post_id
        FROM comment c
        LEFT JOIN user u ON c.res_id = u.id
        WHERE c.id = #{id}
    </select>

    <update id="updateComment" parameterType="com.example.exp.domain.Comment">
        UPDATE comment
        SET
            comment_content = #{comment_content},
            comment_time = now()
        WHERE id = #{id}
    </update>

</mapper>