<?xml version="1.0" encoding="UTF-8" ?>
<!DOCTYPE mapper PUBLIC "-//mybatis.org//DTD Mapper 3.0//EN" "http://mybatis.org/dtd/mybatis-3-mapper.dtd">
<mapper namespace="com.example.exp.mapper.PostMapper">
    <insert id="addPost" parameterType="post" useGeneratedKeys="true" keyProperty="id">
        INSERT INTO post (title, content, create_user, create_time, last_comment_time)
        VALUES (#{title}, #{content}, #{authorId}, now(), now())
    </insert>
    <update id="updatePost" parameterType="post">
        UPDATE post 
        SET title = #{title}, content = #{content}, last_comment_time = now()
        WHERE id = #{id}
    </update>
    <update id="addKudos" parameterType="int">
        {call class.add_post_kudos_procedure(#{id})}
    </update>
    <delete id="delPost" parameterType="int">
        DELETE FROM post WHERE id = #{id}
    </delete>
    <select id="findAllPosts" resultType="post">
        SELECT 
            p.id,
            p.title,
            p.content,
            p.create_user AS authorId,
            u.nickname,
            p.create_time,
            p.last_comment_time,
            p.kudos AS likes,
            p.comment_num AS comments
        FROM post p
        LEFT JOIN user u ON p.create_user = u.id
    </select>
    <select id="findPostById" resultType="post">
        SELECT 
            p.id,
            p.title,
            p.content,
            p.create_user AS authorId,
            u.nickname,
            p.create_time,
            p.last_comment_time,
            p.kudos AS likes,
            p.comment_num AS comments
        FROM post p
        LEFT JOIN user u ON p.create_user = u.id
        WHERE p.id = #{id}
    </select>
</mapper>