<?xml version="1.0" encoding="UTF-8" ?>
<!DOCTYPE mapper PUBLIC "-//mybatis.org//DTD Mapper 3.0//EN" "http://mybatis.org/dtd/mybatis-3-mapper.dtd">
<mapper namespace="com.example.exp.mapper.UserMapper">
    <insert id="addUser" parameterType="user" useGeneratedKeys="true" keyProperty="id">
        INSERT INTO class.user (nickname, password, signup_date, introduction, email, gender)
        VALUES (#{nickname}, #{password}, now(), #{introduction}, #{email}, #{gender})
    </insert>
    <update id="updateUser" parameterType="user">
        UPDATE class.user SET nickname = #{nickname}, password = #{password}, introduction = #{introduction}, email = #{email} WHERE id = #{id}
    </update>
    <delete id="delUser" parameterType="int">
        {call class.delete_user_procedure(#{id})}
    </delete>
    <select id="findAllUsers" resultType="user">
        SELECT * FROM class.user
    </select>
    <select id="findUserById" resultType="user">
        {call class.select_user_procedure(#{id})}
    </select>
</mapper>